Year,Country,Attribute,NACE,Unit,Value in JRC - Bioeconomics,UOM,Provider
2015,Austria,Number of persons employed,Agriculture,Number of people employed,178500,PERSONS,JRC - Bioeconomics
2015,Austria,Number of persons employed,Beverage,Number of people employed,9102,PERSONS,JRC - Bioeconomics
2015,Austria,Number of persons employed,Bio-based chemicals (excluding biofuels),Number of people employed,1303.58642200531,PERSONS,JRC - Bioeconomics
2015,Austria,Number of persons employed,"Bio-based chemicals, pharmaceuticals, plastics and rubber (excl. biofuels)",Number of people employed,9177.77014787107,PERSONS,JRC - Bioeconomics
2015,Austria,Number of persons employed,Bio-based electricity,Number of people employed,644.347575201696,PERSONS,JRC - Bioeconomics
2015,Austria,Number of persons employed,Bio-based pharmaceuticals,Number of people employed,7302.591078785,PERSONS,JRC - Bioeconomics
2015,Austria,Number of persons employed,Bio-based textile,Number of people employed,3052.87680385046,PERSONS,JRC - Bioeconomics
2015,Austria,Number of persons employed,Bio-based textiles,Number of people employed,9642.76947101673,PERSONS,JRC - Bioeconomics
2015,Austria,Number of persons employed,Bio-based wearing apparel,Number of people employed,2450.89266716627,PERSONS,JRC - Bioeconomics
2015,Austria,Number of persons employed,Bioeconomy,Number of people employed,350207.982329632,PERSONS,JRC - Bioeconomics
2015,Austria,Number of persons employed,Bioethanol,Number of people employed,0,PERSONS,JRC - Bioeconomics
2015,Austria,Number of persons employed,Food,Number of people employed,74828,PERSONS,JRC - Bioeconomics
2015,Austria,Number of persons employed,"Food, beverage and tobacco",Number of people employed,83930,PERSONS,JRC - Bioeconomics
2015,Austria,Number of persons employed,Forestry,Number of people employed,8400,PERSONS,JRC - Bioeconomics
2015,Austria,Number of persons employed,Leather,Number of people employed,4139,PERSONS,JRC - Bioeconomics
2015,Austria,Number of persons employed,Liquid biofuels,Number of people employed,0,PERSONS,JRC - Bioeconomics
2015,Austria,Number of persons employed,Paper,Number of people employed,16830,PERSONS,JRC - Bioeconomics
2015,Austria,Number of persons employed,Rubber and bio-based plastics,Number of people employed,571.592647080763,PERSONS,JRC - Bioeconomics
2015,Austria,Number of persons employed,Total sectors,Number of people employed,4148300,PERSONS,JRC - Bioeconomics
2015,Austria,Number of persons employed,Wood products,Number of people employed,32756,PERSONS,JRC - Bioeconomics
2015,Austria,Number of persons employed,Wood products and furniture,Number of people employed,43083.0951355423,PERSONS,JRC - Bioeconomics
2015,Austria,Number of persons employed,Wooden furniture,Number of people employed,10327.0951355423,PERSONS,JRC - Bioeconomics
2015,Belgium,Number of persons employed,Agriculture,Number of people employed,51400,PERSONS,JRC - Bioeconomics
2015,Belgium,Number of persons employed,Beverage,Number of people employed,9827,PERSONS,JRC - Bioeconomics
2015,Belgium,Number of persons employed,Bio-based chemicals (excluding biofuels),Number of people employed,2648.55306938018,PERSONS,JRC - Bioeconomics
2015,Belgium,Number of persons employed,"Bio-based chemicals, pharmaceuticals, plastics and rubber (excl. biofuels)",Number of people employed,14482.9783815477,PERSONS,JRC - Bioeconomics
2015,Belgium,Number of persons employed,Bio-based electricity,Number of people employed,604.291958041958,PERSONS,JRC - Bioeconomics
2015,Belgium,Number of persons employed,Bio-based pharmaceuticals,Number of people employed,11456.0934560141,PERSONS,JRC - Bioeconomics
2015,Belgium,Number of persons employed,Bio-based textile,Number of people employed,1391.92999429871,PERSONS,JRC - Bioeconomics
2015,Belgium,Number of persons employed,Bio-based textiles,Number of people employed,3490.92999429871,PERSONS,JRC - Bioeconomics
2015,Belgium,Number of persons employed,Bio-based wearing apparel,Number of people employed,1400,PERSONS,JRC - Bioeconomics
2015,Belgium,Number of persons employed,Biodiesel,Number of people employed,240.068266960137,PERSONS,JRC - Bioeconomics
2015,Belgium,Number of persons employed,Bioeconomy,Number of people employed,198639.121520071,PERSONS,JRC - Bioeconomics
2015,Belgium,Number of persons employed,Bioethanol,Number of people employed,1298.53745881311,PERSONS,JRC - Bioeconomics
2015,Belgium,Number of persons employed,"Fisheries, Landings",Number of people employed,340,PERSONS,JRC - Bioeconomics
2015,Belgium,Number of persons employed,Fishing and Aquaculture,Number of people employed,340,PERSONS,JRC - Bioeconomics
2015,Belgium,Number of persons employed,Food,Number of people employed,85050,PERSONS,JRC - Bioeconomics
2015,Belgium,Number of persons employed,"Food, beverage and tobacco",Number of people employed,96236,PERSONS,JRC - Bioeconomics
2015,Belgium,Number of persons employed,Forestry,Number of people employed,2200,PERSONS,JRC - Bioeconomics
2015,Belgium,Number of persons employed,Leather,Number of people employed,699,PERSONS,JRC - Bioeconomics
2015,Belgium,Number of persons employed,Liquid biofuels,Number of people employed,1538.60572577325,PERSONS,JRC - Bioeconomics
2015,Belgium,Number of persons employed,Paper,Number of people employed,11047,PERSONS,JRC - Bioeconomics
2015,Belgium,Number of persons employed,Rubber and bio-based plastics,Number of people employed,378.33185615349,PERSONS,JRC - Bioeconomics
2015,Belgium,Number of persons employed,Tobacco,Number of people employed,1359,PERSONS,JRC - Bioeconomics
2015,Belgium,Number of persons employed,Total sectors,Number of people employed,4551600,PERSONS,JRC - Bioeconomics
2015,Belgium,Number of persons employed,Wood products,Number of people employed,11279,PERSONS,JRC - Bioeconomics
2015,Belgium,Number of persons employed,Wood products and furniture,Number of people employed,17299.3154604096,PERSONS,JRC - Bioeconomics
2015,Belgium,Number of persons employed,Wooden furniture,Number of people employed,6020.31546040958,PERSONS,JRC - Bioeconomics
2015,Bulgaria,Number of persons employed,Agriculture,Number of people employed,177300,PERSONS,JRC - Bioeconomics
2015,Bulgaria,Number of persons employed,Beverage,Number of people employed,13430,PERSONS,JRC - Bioeconomics
2015,Bulgaria,Number of persons employed,Bio-based chemicals (excluding biofuels),Number of people employed,1538.88186832173,PERSONS,JRC - Bioeconomics
2015,Bulgaria,Number of persons employed,"Bio-based chemicals, pharmaceuticals, plastics and rubber (excl. biofuels)",Number of people employed,6890.11936276639,PERSONS,JRC - Bioeconomics
2015,Bulgaria,Number of persons employed,Bio-based electricity,Number of people employed,79.6658161457226,PERSONS,JRC - Bioeconomics
2015,Bulgaria,Number of persons employed,Bio-based pharmaceuticals,Number of people employed,4224,PERSONS,JRC - Bioeconomics
2015,Bulgaria,Number of persons employed,Bio-based textile,Number of people employed,3485.25671420684,PERSONS,JRC - Bioeconomics
2015,Bulgaria,Number of persons employed,Bio-based textiles,Number of people employed,61266.1912082892,PERSONS,JRC - Bioeconomics
2015,Bulgaria,Number of persons employed,Bio-based wearing apparel,Number of people employed,42750.9344940824,PERSONS,JRC - Bioeconomics
2015,Bulgaria,Number of persons employed,Bioeconomy,Number of people employed,413465.637190024,PERSONS,JRC - Bioeconomics
2015,Bulgaria,Number of persons employed,Bioethanol,Number of people employed,1095.23201452099,PERSONS,JRC - Bioeconomics
2015,Bulgaria,Number of persons employed,"Fisheries, Aquaculture",Number of people employed,923.5,PERSONS,JRC - Bioeconomics
2015,Bulgaria,Number of persons employed,"Fisheries, Landings",Number of people employed,1728,PERSONS,JRC - Bioeconomics
2015,Bulgaria,Number of persons employed,Fishing and Aquaculture,Number of people employed,2651.5,PERSONS,JRC - Bioeconomics
2015,Bulgaria,Number of persons employed,Food,Number of people employed,82182,PERSONS,JRC - Bioeconomics
2015,Bulgaria,Number of persons employed,"Food, beverage and tobacco",Number of people employed,98611,PERSONS,JRC - Bioeconomics
2015,Bulgaria,Number of persons employed,Forestry,Number of people employed,28600,PERSONS,JRC - Bioeconomics
2015,Bulgaria,Number of persons employed,Leather,Number of people employed,15030,PERSONS,JRC - Bioeconomics
2015,Bulgaria,Number of persons employed,Liquid biofuels,Number of people employed,1095.23201452099,PERSONS,JRC - Bioeconomics
2015,Bulgaria,Number of persons employed,Paper,Number of people employed,10399,PERSONS,JRC - Bioeconomics
2015,Bulgaria,Number of persons employed,Rubber and bio-based plastics,Number of people employed,1127.23749444467,PERSONS,JRC - Bioeconomics
2015,Bulgaria,Number of persons employed,Tobacco,Number of people employed,2999,PERSONS,JRC - Bioeconomics
2015,Bulgaria,Number of persons employed,Total sectors,Number of people employed,3031900,PERSONS,JRC - Bioeconomics
2015,Bulgaria,Number of persons employed,Wood products,Number of people employed,17202,PERSONS,JRC - Bioeconomics
2015,Bulgaria,Number of persons employed,Wood products and furniture,Number of people employed,26572.9287883021,PERSONS,JRC - Bioeconomics
2015,Bulgaria,Number of persons employed,Wooden furniture,Number of people employed,9370.92878830207,PERSONS,JRC - Bioeconomics
2015,Croatia,Number of persons employed,Agriculture,Number of people employed,127700,PERSONS,JRC - Bioeconomics
2015,Croatia,Number of persons employed,Beverage,Number of people employed,6966,PERSONS,JRC - Bioeconomics
2015,Croatia,Number of persons employed,Bio-based chemicals (excluding biofuels),Number of people employed,233.227702213424,PERSONS,JRC - Bioeconomics
2015,Croatia,Number of persons employed,"Bio-based chemicals, pharmaceuticals, plastics and rubber (excl. biofuels)",Number of people employed,2910.98071249148,PERSONS,JRC - Bioeconomics
2015,Croatia,Number of persons employed,Bio-based electricity,Number of people employed,69.3189189189189,PERSONS,JRC - Bioeconomics
2015,Croatia,Number of persons employed,Bio-based pharmaceuticals,Number of people employed,2548.54025880305,PERSONS,JRC - Bioeconomics
2015,Croatia,Number of persons employed,Bio-based textile,Number of people employed,948.103196961665,PERSONS,JRC - Bioeconomics
2015,Croatia,Number of persons employed,Bio-based textiles,Number of people employed,18781.2188422121,PERSONS,JRC - Bioeconomics
2015,Croatia,Number of persons employed,Bio-based wearing apparel,Number of people employed,6841.11564525046,PERSONS,JRC - Bioeconomics
2015,Croatia,Number of persons employed,Biodiesel,Number of people employed,163.598000510848,PERSONS,JRC - Bioeconomics
2015,Croatia,Number of persons employed,Bioeconomy,Number of people employed,257727.821076348,PERSONS,JRC - Bioeconomics
2015,Croatia,Number of persons employed,Bioethanol,Number of people employed,4.78612517999692,PERSONS,JRC - Bioeconomics
2015,Croatia,Number of persons employed,"Fisheries, Aquaculture",Number of people employed,2231,PERSONS,JRC - Bioeconomics
2015,Croatia,Number of persons employed,"Fisheries, Landings",Number of people employed,5067,PERSONS,JRC - Bioeconomics
2015,Croatia,Number of persons employed,Fishing and Aquaculture,Number of people employed,7298,PERSONS,JRC - Bioeconomics
2015,Croatia,Number of persons employed,Food,Number of people employed,54000,PERSONS,JRC - Bioeconomics
2015,Croatia,Number of persons employed,"Food, beverage and tobacco",Number of people employed,61722,PERSONS,JRC - Bioeconomics
2015,Croatia,Number of persons employed,Forestry,Number of people employed,15100,PERSONS,JRC - Bioeconomics
2015,Croatia,Number of persons employed,Leather,Number of people employed,10992,PERSONS,JRC - Bioeconomics
2015,Croatia,Number of persons employed,Liquid biofuels,Number of people employed,168.384125690845,PERSONS,JRC - Bioeconomics
2015,Croatia,Number of persons employed,Paper,Number of people employed,4417,PERSONS,JRC - Bioeconomics
2015,Croatia,Number of persons employed,Rubber and bio-based plastics,Number of people employed,129.21275147501,PERSONS,JRC - Bioeconomics
2015,Croatia,Number of persons employed,Tobacco,Number of people employed,756,PERSONS,JRC - Bioeconomics
2015,Croatia,Number of persons employed,Total sectors,Number of people employed,1585300,PERSONS,JRC - Bioeconomics
2015,Croatia,Number of persons employed,Wood products,Number of people employed,16657,PERSONS,JRC - Bioeconomics
2015,Croatia,Number of persons employed,Wood products and furniture,Number of people employed,19560.9184770342,PERSONS,JRC - Bioeconomics
2015,Croatia,Number of persons employed,Wooden furniture,Number of people employed,2903.91847703424,PERSONS,JRC - Bioeconomics
2015,Cyprus,Number of persons employed,Agriculture,Number of people employed,12900,PERSONS,JRC - Bioeconomics
2015,Cyprus,Number of persons employed,Beverage,Number of people employed,834,PERSONS,JRC - Bioeconomics
2015,Cyprus,Number of persons employed,Bio-based electricity,Number of people employed,24.0430990251411,PERSONS,JRC - Bioeconomics
2015,Cyprus,Number of persons employed,Bio-based textiles,Number of people employed,51,PERSONS,JRC - Bioeconomics
2015,Cyprus,Number of persons employed,Biodiesel,Number of people employed,0,PERSONS,JRC - Bioeconomics
2015,Cyprus,Number of persons employed,Bioeconomy,Number of people employed,29480.0430990251,PERSONS,JRC - Bioeconomics
2015,Cyprus,Number of persons employed,"Fisheries, Aquaculture",Number of people employed,388,PERSONS,JRC - Bioeconomics
2015,Cyprus,Number of persons employed,"Fisheries, Landings",Number of people employed,1285,PERSONS,JRC - Bioeconomics
2015,Cyprus,Number of persons employed,Fishing and Aquaculture,Number of people employed,1673,PERSONS,JRC - Bioeconomics
2015,Cyprus,Number of persons employed,Food,Number of people employed,10855,PERSONS,JRC - Bioeconomics
2015,Cyprus,Number of persons employed,"Food, beverage and tobacco",Number of people employed,11689,PERSONS,JRC - Bioeconomics
2015,Cyprus,Number of persons employed,Forestry,Number of people employed,800,PERSONS,JRC - Bioeconomics
2015,Cyprus,Number of persons employed,Leather,Number of people employed,51,PERSONS,JRC - Bioeconomics
2015,Cyprus,Number of persons employed,Liquid biofuels,Number of people employed,0,PERSONS,JRC - Bioeconomics
2015,Cyprus,Number of persons employed,Paper,Number of people employed,580,PERSONS,JRC - Bioeconomics
2015,Cyprus,Number of persons employed,Total sectors,Number of people employed,358200,PERSONS,JRC - Bioeconomics
2015,Cyprus,Number of persons employed,Wood products,Number of people employed,1763,PERSONS,JRC - Bioeconomics
2015,Cyprus,Number of persons employed,Wood products and furniture,Number of people employed,1763,PERSONS,JRC - Bioeconomics
2015,Czech Republic,Number of persons employed,Agriculture,Number of people employed,114200,PERSONS,JRC - Bioeconomics
2015,Czech Republic,Number of persons employed,Beverage,Number of people employed,15301,PERSONS,JRC - Bioeconomics
2015,Czech Republic,Number of persons employed,Bio-based chemicals (excluding biofuels),Number of people employed,1146.7675027381,PERSONS,JRC - Bioeconomics
2015,Czech Republic,Number of persons employed,"Bio-based chemicals, pharmaceuticals, plastics and rubber (excl. biofuels)",Number of people employed,12955.3020426523,PERSONS,JRC - Bioeconomics
2015,Czech Republic,Number of persons employed,Bio-based pharmaceuticals,Number of people employed,3295.56273961996,PERSONS,JRC - Bioeconomics
2015,Czech Republic,Number of persons employed,Bio-based textile,Number of people employed,5143.5518840686,PERSONS,JRC - Bioeconomics
2015,Czech Republic,Number of persons employed,Bio-based textiles,Number of people employed,21435.8321794532,PERSONS,JRC - Bioeconomics
2015,Czech Republic,Number of persons employed,Bio-based wearing apparel,Number of people employed,10653.2802953846,PERSONS,JRC - Bioeconomics
2015,Czech Republic,Number of persons employed,Bioeconomy,Number of people employed,375918.728775038,PERSONS,JRC - Bioeconomics
2015,Czech Republic,Number of persons employed,Food,Number of people employed,101586,PERSONS,JRC - Bioeconomics
2015,Czech Republic,Number of persons employed,"Food, beverage and tobacco",Number of people employed,116887,PERSONS,JRC - Bioeconomics
2015,Czech Republic,Number of persons employed,Forestry,Number of people employed,30100,PERSONS,JRC - Bioeconomics
2015,Czech Republic,Number of persons employed,Leather,Number of people employed,5639,PERSONS,JRC - Bioeconomics
2015,Czech Republic,Number of persons employed,Paper,Number of people employed,20102,PERSONS,JRC - Bioeconomics
2015,Czech Republic,Number of persons employed,Rubber and bio-based plastics,Number of people employed,8512.97180029423,PERSONS,JRC - Bioeconomics
2015,Czech Republic,Number of persons employed,Total sectors,Number of people employed,5041900,PERSONS,JRC - Bioeconomics
2015,Czech Republic,Number of persons employed,Wood products,Number of people employed,54290,PERSONS,JRC - Bioeconomics
2015,Czech Republic,Number of persons employed,Wood products and furniture,Number of people employed,60238.5945529326,PERSONS,JRC - Bioeconomics
2015,Czech Republic,Number of persons employed,Wooden furniture,Number of people employed,5948.59455293264,PERSONS,JRC - Bioeconomics
2015,Denmark,Number of persons employed,Agriculture,Number of people employed,63100,PERSONS,JRC - Bioeconomics
2015,Denmark,Number of persons employed,Beverage,Number of people employed,3820,PERSONS,JRC - Bioeconomics
2015,Denmark,Number of persons employed,Bio-based chemicals (excluding biofuels),Number of people employed,6552.30168274676,PERSONS,JRC - Bioeconomics
2015,Denmark,Number of persons employed,"Bio-based chemicals, pharmaceuticals, plastics and rubber (excl. biofuels)",Number of people employed,25506.5113802761,PERSONS,JRC - Bioeconomics
2015,Denmark,Number of persons employed,Bio-based electricity,Number of people employed,713.566073365744,PERSONS,JRC - Bioeconomics
2015,Denmark,Number of persons employed,Bio-based pharmaceuticals,Number of people employed,18759.0381872264,PERSONS,JRC - Bioeconomics
2015,Denmark,Number of persons employed,Bio-based textile,Number of people employed,327.852360549508,PERSONS,JRC - Bioeconomics
2015,Denmark,Number of persons employed,Bio-based textiles,Number of people employed,1186.52413767909,PERSONS,JRC - Bioeconomics
2015,Denmark,Number of persons employed,Bio-based wearing apparel,Number of people employed,673.671777129583,PERSONS,JRC - Bioeconomics
2015,Denmark,Number of persons employed,Biodiesel,Number of people employed,247.813851485713,PERSONS,JRC - Bioeconomics
2015,Denmark,Number of persons employed,Bioeconomy,Number of people employed,177612.959235969,PERSONS,JRC - Bioeconomics
2015,Denmark,Number of persons employed,"Fisheries, Aquaculture",Number of people employed,506,PERSONS,JRC - Bioeconomics
2015,Denmark,Number of persons employed,"Fisheries, Landings",Number of people employed,1330.31,PERSONS,JRC - Bioeconomics
2015,Denmark,Number of persons employed,Fishing and Aquaculture,Number of people employed,1836.31,PERSONS,JRC - Bioeconomics
2015,Denmark,Number of persons employed,Food,Number of people employed,55909,PERSONS,JRC - Bioeconomics
2015,Denmark,Number of persons employed,"Food, beverage and tobacco",Number of people employed,60342,PERSONS,JRC - Bioeconomics
2015,Denmark,Number of persons employed,Forestry,Number of people employed,3700,PERSONS,JRC - Bioeconomics
2015,Denmark,Number of persons employed,Leather,Number of people employed,185,PERSONS,JRC - Bioeconomics
2015,Denmark,Number of persons employed,Liquid biofuels,Number of people employed,247.813851485713,PERSONS,JRC - Bioeconomics
2015,Denmark,Number of persons employed,Paper,Number of people employed,6071,PERSONS,JRC - Bioeconomics
2015,Denmark,Number of persons employed,Rubber and bio-based plastics,Number of people employed,195.171510302862,PERSONS,JRC - Bioeconomics
2015,Denmark,Number of persons employed,Tobacco,Number of people employed,613,PERSONS,JRC - Bioeconomics
2015,Denmark,Number of persons employed,Total sectors,Number of people employed,2752000,PERSONS,JRC - Bioeconomics
2015,Denmark,Number of persons employed,Wood products,Number of people employed,9472,PERSONS,JRC - Bioeconomics
2015,Denmark,Number of persons employed,Wood products and furniture,Number of people employed,14909.233793162,PERSONS,JRC - Bioeconomics
2015,Denmark,Number of persons employed,Wooden furniture,Number of people employed,5437.23379316202,PERSONS,JRC - Bioeconomics
2015,Estonia,Number of persons employed,Agriculture,Number of people employed,16600,PERSONS,JRC - Bioeconomics
2015,Estonia,Number of persons employed,Beverage,Number of people employed,1554,PERSONS,JRC - Bioeconomics
2015,Estonia,Number of persons employed,Bio-based chemicals (excluding biofuels),Number of people employed,15.4741339109458,PERSONS,JRC - Bioeconomics
2015,Estonia,Number of persons employed,"Bio-based chemicals, pharmaceuticals, plastics and rubber (excl. biofuels)",Number of people employed,307.984849194113,PERSONS,JRC - Bioeconomics
2015,Estonia,Number of persons employed,Bio-based electricity,Number of people employed,132.231104164341,PERSONS,JRC - Bioeconomics
2015,Estonia,Number of persons employed,Bio-based pharmaceuticals,Number of people employed,153.385710297055,PERSONS,JRC - Bioeconomics
2015,Estonia,Number of persons employed,Bio-based textile,Number of people employed,315.197457177876,PERSONS,JRC - Bioeconomics
2015,Estonia,Number of persons employed,Bio-based textiles,Number of people employed,3937.38808729217,PERSONS,JRC - Bioeconomics
2015,Estonia,Number of persons employed,Bio-based wearing apparel,Number of people employed,2471.1906301143,PERSONS,JRC - Bioeconomics
2015,Estonia,Number of persons employed,Biodiesel,Number of people employed,5.3924529013814,PERSONS,JRC - Bioeconomics
2015,Estonia,Number of persons employed,Bioeconomy,Number of people employed,68595.9515353698,PERSONS,JRC - Bioeconomics
2015,Estonia,Number of persons employed,Bioethanol,Number of people employed,5.16336163919271,PERSONS,JRC - Bioeconomics
2015,Estonia,Number of persons employed,"Fisheries, Aquaculture",Number of people employed,36,PERSONS,JRC - Bioeconomics
2015,Estonia,Number of persons employed,"Fisheries, Landings",Number of people employed,2242,PERSONS,JRC - Bioeconomics
2015,Estonia,Number of persons employed,Fishing and Aquaculture,Number of people employed,2278,PERSONS,JRC - Bioeconomics
2015,Estonia,Number of persons employed,Food,Number of people employed,13837,PERSONS,JRC - Bioeconomics
2015,Estonia,Number of persons employed,"Food, beverage and tobacco",Number of people employed,15391,PERSONS,JRC - Bioeconomics
2015,Estonia,Number of persons employed,Forestry,Number of people employed,7400,PERSONS,JRC - Bioeconomics
2015,Estonia,Number of persons employed,Leather,Number of people employed,1151,PERSONS,JRC - Bioeconomics
2015,Estonia,Number of persons employed,Liquid biofuels,Number of people employed,10.5558145405741,PERSONS,JRC - Bioeconomics
2015,Estonia,Number of persons employed,Paper,Number of people employed,1430,PERSONS,JRC - Bioeconomics
2015,Estonia,Number of persons employed,Rubber and bio-based plastics,Number of people employed,139.125004986111,PERSONS,JRC - Bioeconomics
2015,Estonia,Number of persons employed,Total sectors,Number of people employed,640900,PERSONS,JRC - Bioeconomics
2015,Estonia,Number of persons employed,Wood products,Number of people employed,17185,PERSONS,JRC - Bioeconomics
2015,Estonia,Number of persons employed,Wood products and furniture,Number of people employed,21108.7916801786,PERSONS,JRC - Bioeconomics
2015,Estonia,Number of persons employed,Wooden furniture,Number of people employed,3923.79168017856,PERSONS,JRC - Bioeconomics
2015,European Union (28 countries),Number of persons employed,Agriculture,Number of people employed,9227200,PERSONS,JRC - Bioeconomics
2015,European Union (28 countries),Number of persons employed,Beverage,Number of people employed,430772,PERSONS,JRC - Bioeconomics
2015,European Union (28 countries),Number of persons employed,Bio-based chemicals (excluding biofuels),Number of people employed,79590.4413573275,PERSONS,JRC - Bioeconomics
2015,European Union (28 countries),Number of persons employed,"Bio-based chemicals, pharmaceuticals, plastics and rubber (excl. biofuels)",Number of people employed,444966.678545748,PERSONS,JRC - Bioeconomics
2015,European Union (28 countries),Number of persons employed,Bio-based electricity,Number of people employed,13843.6933236765,PERSONS,JRC - Bioeconomics
2015,European Union (28 countries),Number of persons employed,Bio-based pharmaceuticals,Number of people employed,278861.187910414,PERSONS,JRC - Bioeconomics
2015,European Union (28 countries),Number of persons employed,Bio-based textile,Number of people employed,159870.375639709,PERSONS,JRC - Bioeconomics
2015,European Union (28 countries),Number of persons employed,Bio-based textiles,Number of people employed,999235.351277748,PERSONS,JRC - Bioeconomics
2015,European Union (28 countries),Number of persons employed,Bio-based wearing apparel,Number of people employed,398230.975638039,PERSONS,JRC - Bioeconomics
2015,European Union (28 countries),Number of persons employed,Biodiesel,Number of people employed,16282.0188047753,PERSONS,JRC - Bioeconomics
2015,European Union (28 countries),Number of persons employed,Bioeconomy,Number of people employed,18067648.4927308,PERSONS,JRC - Bioeconomics
2015,European Union (28 countries),Number of persons employed,Bioethanol,Number of people employed,9989.01442538938,PERSONS,JRC - Bioeconomics
2015,European Union (28 countries),Number of persons employed,"Fisheries, Aquaculture",Number of people employed,69672.5,PERSONS,JRC - Bioeconomics
2015,European Union (28 countries),Number of persons employed,"Fisheries, Landings",Number of people employed,152719.7,PERSONS,JRC - Bioeconomics
2015,European Union (28 countries),Number of persons employed,Fishing and Aquaculture,Number of people employed,222392.2,PERSONS,JRC - Bioeconomics
2015,European Union (28 countries),Number of persons employed,Food,Number of people employed,4080123,PERSONS,JRC - Bioeconomics
2015,European Union (28 countries),Number of persons employed,"Food, beverage and tobacco",Number of people employed,4544452,PERSONS,JRC - Bioeconomics
2015,European Union (28 countries),Number of persons employed,Forestry,Number of people employed,539000,PERSONS,JRC - Bioeconomics
2015,European Union (28 countries),Number of persons employed,Leather,Number of people employed,441134,PERSONS,JRC - Bioeconomics
2015,European Union (28 countries),Number of persons employed,Liquid biofuels,Number of people employed,26271.0332301647,PERSONS,JRC - Bioeconomics
2015,European Union (28 countries),Number of persons employed,Paper,Number of people employed,643104,PERSONS,JRC - Bioeconomics
2015,European Union (28 countries),Number of persons employed,Rubber and bio-based plastics,Number of people employed,86515.0492780066,PERSONS,JRC - Bioeconomics
2015,European Union (28 countries),Number of persons employed,Tobacco,Number of people employed,33557,PERSONS,JRC - Bioeconomics
2015,European Union (28 countries),Number of persons employed,Total sectors,Number of people employed,220923500,PERSONS,JRC - Bioeconomics
2015,European Union (28 countries),Number of persons employed,Wood products,Number of people employed,975782,PERSONS,JRC - Bioeconomics
2015,European Union (28 countries),Number of persons employed,Wood products and furniture,Number of people employed,1407183.53635349,PERSONS,JRC - Bioeconomics
2015,European Union (28 countries),Number of persons employed,Wooden furniture,Number of people employed,431401.536353489,PERSONS,JRC - Bioeconomics
2015,Finland,Number of persons employed,Agriculture,Number of people employed,75200,PERSONS,JRC - Bioeconomics
2015,Finland,Number of persons employed,Beverage,Number of people employed,3298,PERSONS,JRC - Bioeconomics
2015,Finland,Number of persons employed,Bio-based chemicals (excluding biofuels),Number of people employed,1376.08705064189,PERSONS,JRC - Bioeconomics
2015,Finland,Number of persons employed,"Bio-based chemicals, pharmaceuticals, plastics and rubber (excl. biofuels)",Number of people employed,3822.95747472556,PERSONS,JRC - Bioeconomics
2015,Finland,Number of persons employed,Bio-based electricity,Number of people employed,1080.16832136857,PERSONS,JRC - Bioeconomics
2015,Finland,Number of persons employed,Bio-based pharmaceuticals,Number of people employed,1961.35152205164,PERSONS,JRC - Bioeconomics
2015,Finland,Number of persons employed,Bio-based textile,Number of people employed,513.508797518977,PERSONS,JRC - Bioeconomics
2015,Finland,Number of persons employed,Bio-based textiles,Number of people employed,3591.53235002736,PERSONS,JRC - Bioeconomics
2015,Finland,Number of persons employed,Bio-based wearing apparel,Number of people employed,1620.02355250838,PERSONS,JRC - Bioeconomics
2015,Finland,Number of persons employed,Biodiesel,Number of people employed,827.968511475925,PERSONS,JRC - Bioeconomics
2015,Finland,Number of persons employed,Bioeconomy,Number of people employed,193467.347565054,PERSONS,JRC - Bioeconomics
2015,Finland,Number of persons employed,Bioethanol,Number of people employed,38.6848284417939,PERSONS,JRC - Bioeconomics
2015,Finland,Number of persons employed,"Fisheries, Aquaculture",Number of people employed,515,PERSONS,JRC - Bioeconomics
2015,Finland,Number of persons employed,"Fisheries, Landings",Number of people employed,1668,PERSONS,JRC - Bioeconomics
2015,Finland,Number of persons employed,Fishing and Aquaculture,Number of people employed,2183,PERSONS,JRC - Bioeconomics
2015,Finland,Number of persons employed,Food,Number of people employed,36513,PERSONS,JRC - Bioeconomics
2015,Finland,Number of persons employed,"Food, beverage and tobacco",Number of people employed,39811,PERSONS,JRC - Bioeconomics
2015,Finland,Number of persons employed,Forestry,Number of people employed,21000,PERSONS,JRC - Bioeconomics
2015,Finland,Number of persons employed,Leather,Number of people employed,1458,PERSONS,JRC - Bioeconomics
2015,Finland,Number of persons employed,Liquid biofuels,Number of people employed,866.653339917719,PERSONS,JRC - Bioeconomics
2015,Finland,Number of persons employed,Paper,Number of people employed,21657,PERSONS,JRC - Bioeconomics
2015,Finland,Number of persons employed,Rubber and bio-based plastics,Number of people employed,485.518902032031,PERSONS,JRC - Bioeconomics
2015,Finland,Number of persons employed,Total sectors,Number of people employed,2436800,PERSONS,JRC - Bioeconomics
2015,Finland,Number of persons employed,Wood products,Number of people employed,20829,PERSONS,JRC - Bioeconomics
2015,Finland,Number of persons employed,Wood products and furniture,Number of people employed,24255.0360790144,PERSONS,JRC - Bioeconomics
2015,Finland,Number of persons employed,Wooden furniture,Number of people employed,3426.0360790144,PERSONS,JRC - Bioeconomics
2015,France,Number of persons employed,Agriculture,Number of people employed,664400,PERSONS,JRC - Bioeconomics
2015,France,Number of persons employed,Beverage,Number of people employed,58383,PERSONS,JRC - Bioeconomics
2015,France,Number of persons employed,Bio-based chemicals (excluding biofuels),Number of people employed,11063.2333317064,PERSONS,JRC - Bioeconomics
2015,France,Number of persons employed,"Bio-based chemicals, pharmaceuticals, plastics and rubber (excl. biofuels)",Number of people employed,61657.1518541997,PERSONS,JRC - Bioeconomics
2015,France,Number of persons employed,Bio-based pharmaceuticals,Number of people employed,43823.6677348697,PERSONS,JRC - Bioeconomics
2015,France,Number of persons employed,Bio-based textile,Number of people employed,9913.62229162999,PERSONS,JRC - Bioeconomics
2015,France,Number of persons employed,Bio-based textiles,Number of people employed,57104.9194957533,PERSONS,JRC - Bioeconomics
2015,France,Number of persons employed,Bio-based wearing apparel,Number of people employed,19361.2972041233,PERSONS,JRC - Bioeconomics
2015,France,Number of persons employed,Bioeconomy,Number of people employed,1562278.30681232,PERSONS,JRC - Bioeconomics
2015,France,Number of persons employed,Bioethanol,Number of people employed,2847.25012116416,PERSONS,JRC - Bioeconomics
2015,France,Number of persons employed,"Fisheries, Aquaculture",Number of people employed,16454,PERSONS,JRC - Bioeconomics
2015,France,Number of persons employed,"Fisheries, Landings",Number of people employed,13441.5,PERSONS,JRC - Bioeconomics
2015,France,Number of persons employed,Fishing and Aquaculture,Number of people employed,29895.5,PERSONS,JRC - Bioeconomics
2015,France,Number of persons employed,Food,Number of people employed,511130,PERSONS,JRC - Bioeconomics
2015,France,Number of persons employed,"Food, beverage and tobacco",Number of people employed,571351,PERSONS,JRC - Bioeconomics
2015,France,Number of persons employed,Forestry,Number of people employed,31900,PERSONS,JRC - Bioeconomics
2015,France,Number of persons employed,Leather,Number of people employed,27830,PERSONS,JRC - Bioeconomics
2015,France,Number of persons employed,Liquid biofuels,Number of people employed,2847.25012116416,PERSONS,JRC - Bioeconomics
2015,France,Number of persons employed,Paper,Number of people employed,64717,PERSONS,JRC - Bioeconomics
2015,France,Number of persons employed,Rubber and bio-based plastics,Number of people employed,6770.25078762366,PERSONS,JRC - Bioeconomics
2015,France,Number of persons employed,Tobacco,Number of people employed,1838,PERSONS,JRC - Bioeconomics
2015,France,Number of persons employed,Total sectors,Number of people employed,26423700,PERSONS,JRC - Bioeconomics
2015,France,Number of persons employed,Wood products,Number of people employed,62165,PERSONS,JRC - Bioeconomics
2015,France,Number of persons employed,Wood products and furniture,Number of people employed,78405.4853412003,PERSONS,JRC - Bioeconomics
2015,France,Number of persons employed,Wooden furniture,Number of people employed,16240.4853412003,PERSONS,JRC - Bioeconomics
2015,Germany,Number of persons employed,Agriculture,Number of people employed,517000,PERSONS,JRC - Bioeconomics
2015,Germany,Number of persons employed,Beverage,Number of people employed,68951,PERSONS,JRC - Bioeconomics
2015,Germany,Number of persons employed,Bio-based chemicals (excluding biofuels),Number of people employed,20116.7286842702,PERSONS,JRC - Bioeconomics
2015,Germany,Number of persons employed,"Bio-based chemicals, pharmaceuticals, plastics and rubber (excl. biofuels)",Number of people employed,98372.2593170711,PERSONS,JRC - Bioeconomics
2015,Germany,Number of persons employed,Bio-based pharmaceuticals,Number of people employed,57345.1694778984,PERSONS,JRC - Bioeconomics
2015,Germany,Number of persons employed,Bio-based textile,Number of people employed,16712.6637363638,PERSONS,JRC - Bioeconomics
2015,Germany,Number of persons employed,Bio-based textiles,Number of people employed,50147.3860077673,PERSONS,JRC - Bioeconomics
2015,Germany,Number of persons employed,Bio-based wearing apparel,Number of people employed,17594.7222714035,PERSONS,JRC - Bioeconomics
2015,Germany,Number of persons employed,Biodiesel,Number of people employed,3147.46866641238,PERSONS,JRC - Bioeconomics
2015,Germany,Number of persons employed,Bioeconomy,Number of people employed,1929226.35659455,PERSONS,JRC - Bioeconomics
2015,Germany,Number of persons employed,Bioethanol,Number of people employed,962.08332202386,PERSONS,JRC - Bioeconomics
2015,Germany,Number of persons employed,"Fisheries, Aquaculture",Number of people employed,60,PERSONS,JRC - Bioeconomics
2015,Germany,Number of persons employed,"Fisheries, Landings",Number of people employed,1532,PERSONS,JRC - Bioeconomics
2015,Germany,Number of persons employed,Fishing and Aquaculture,Number of people employed,1592,PERSONS,JRC - Bioeconomics
2015,Germany,Number of persons employed,Food,Number of people employed,789499,PERSONS,JRC - Bioeconomics
2015,Germany,Number of persons employed,"Food, beverage and tobacco",Number of people employed,868783,PERSONS,JRC - Bioeconomics
2015,Germany,Number of persons employed,Forestry,Number of people employed,36500,PERSONS,JRC - Bioeconomics
2015,Germany,Number of persons employed,Leather,Number of people employed,15840,PERSONS,JRC - Bioeconomics
2015,Germany,Number of persons employed,Liquid biofuels,Number of people employed,4109.55198843623,PERSONS,JRC - Bioeconomics
2015,Germany,Number of persons employed,Paper,Number of people employed,145240,PERSONS,JRC - Bioeconomics
2015,Germany,Number of persons employed,Rubber and bio-based plastics,Number of people employed,20910.3611549025,PERSONS,JRC - Bioeconomics
2015,Germany,Number of persons employed,Tobacco,Number of people employed,10333,PERSONS,JRC - Bioeconomics
2015,Germany,Number of persons employed,Total sectors,Number of people employed,40210900,PERSONS,JRC - Bioeconomics
2015,Germany,Number of persons employed,Wood products,Number of people employed,140698,PERSONS,JRC - Bioeconomics
2015,Germany,Number of persons employed,Wood products and furniture,Number of people employed,207482.159281273,PERSONS,JRC - Bioeconomics
2015,Germany,Number of persons employed,Wooden furniture,Number of people employed,66784.1592812728,PERSONS,JRC - Bioeconomics
2015,Greece,Number of persons employed,Agriculture,Number of people employed,446500,PERSONS,JRC - Bioeconomics
2015,Greece,Number of persons employed,Beverage,Number of people employed,9001,PERSONS,JRC - Bioeconomics
2015,Greece,Number of persons employed,Bio-based chemicals (excluding biofuels),Number of people employed,189.352575452924,PERSONS,JRC - Bioeconomics
2015,Greece,Number of persons employed,"Bio-based chemicals, pharmaceuticals, plastics and rubber (excl. biofuels)",Number of people employed,4865.5818278266,PERSONS,JRC - Bioeconomics
2015,Greece,Number of persons employed,Bio-based electricity,Number of people employed,71.8833710736946,PERSONS,JRC - Bioeconomics
2015,Greece,Number of persons employed,Bio-based pharmaceuticals,Number of people employed,4526.85477086718,PERSONS,JRC - Bioeconomics
2015,Greece,Number of persons employed,Bio-based textile,Number of people employed,1759.65819408624,PERSONS,JRC - Bioeconomics
2015,Greece,Number of persons employed,Bio-based textiles,Number of people employed,10397.8481574496,PERSONS,JRC - Bioeconomics
2015,Greece,Number of persons employed,Bio-based wearing apparel,Number of people employed,5937.18996336334,PERSONS,JRC - Bioeconomics
2015,Greece,Number of persons employed,Biodiesel,Number of people employed,563.360788483968,PERSONS,JRC - Bioeconomics
2015,Greece,Number of persons employed,Bioeconomy,Number of people employed,627396.148376293,PERSONS,JRC - Bioeconomics
2015,Greece,Number of persons employed,"Fisheries, Aquaculture",Number of people employed,5129,PERSONS,JRC - Bioeconomics
2015,Greece,Number of persons employed,"Fisheries, Landings",Number of people employed,25406.55,PERSONS,JRC - Bioeconomics
2015,Greece,Number of persons employed,Fishing and Aquaculture,Number of people employed,30535.55,PERSONS,JRC - Bioeconomics
2015,Greece,Number of persons employed,Food,Number of people employed,99482,PERSONS,JRC - Bioeconomics
2015,Greece,Number of persons employed,"Food, beverage and tobacco",Number of people employed,110410,PERSONS,JRC - Bioeconomics
2015,Greece,Number of persons employed,Forestry,Number of people employed,6000,PERSONS,JRC - Bioeconomics
2015,Greece,Number of persons employed,Leather,Number of people employed,2701,PERSONS,JRC - Bioeconomics
2015,Greece,Number of persons employed,Liquid biofuels,Number of people employed,563.360788483968,PERSONS,JRC - Bioeconomics
2015,Greece,Number of persons employed,Paper,Number of people employed,7428,PERSONS,JRC - Bioeconomics
2015,Greece,Number of persons employed,Rubber and bio-based plastics,Number of people employed,149.374481506497,PERSONS,JRC - Bioeconomics
2015,Greece,Number of persons employed,Tobacco,Number of people employed,1927,PERSONS,JRC - Bioeconomics
2015,Greece,Number of persons employed,Total sectors,Number of people employed,3610700,PERSONS,JRC - Bioeconomics
2015,Greece,Number of persons employed,Wood products,Number of people employed,5867,PERSONS,JRC - Bioeconomics
2015,Greece,Number of persons employed,Wood products and furniture,Number of people employed,10623.9242314592,PERSONS,JRC - Bioeconomics
2015,Greece,Number of persons employed,Wooden furniture,Number of people employed,4756.92423145922,PERSONS,JRC - Bioeconomics
2015,Hungary,Number of persons employed,Agriculture,Number of people employed,178800,PERSONS,JRC - Bioeconomics
2015,Hungary,Number of persons employed,Beverage,Number of people employed,13305,PERSONS,JRC - Bioeconomics
2015,Hungary,Number of persons employed,Bio-based chemicals (excluding biofuels),Number of people employed,253.369087976605,PERSONS,JRC - Bioeconomics
2015,Hungary,Number of persons employed,"Bio-based chemicals, pharmaceuticals, plastics and rubber (excl. biofuels)",Number of people employed,14611.9636904807,PERSONS,JRC - Bioeconomics
2015,Hungary,Number of persons employed,Bio-based electricity,Number of people employed,471.158604829437,PERSONS,JRC - Bioeconomics
2015,Hungary,Number of persons employed,Bio-based pharmaceuticals,Number of people employed,9020.64274852281,PERSONS,JRC - Bioeconomics
2015,Hungary,Number of persons employed,Bio-based textile,Number of people employed,1795.33207876999,PERSONS,JRC - Bioeconomics
2015,Hungary,Number of persons employed,Bio-based textiles,Number of people employed,23218.8009424708,PERSONS,JRC - Bioeconomics
2015,Hungary,Number of persons employed,Bio-based wearing apparel,Number of people employed,9244.46886370081,PERSONS,JRC - Bioeconomics
2015,Hungary,Number of persons employed,Bioeconomy,Number of people employed,390626.743636408,PERSONS,JRC - Bioeconomics
2015,Hungary,Number of persons employed,Bioethanol,Number of people employed,287.301074738235,PERSONS,JRC - Bioeconomics
2015,Hungary,Number of persons employed,Food,Number of people employed,93256,PERSONS,JRC - Bioeconomics
2015,Hungary,Number of persons employed,"Food, beverage and tobacco",Number of people employed,107914,PERSONS,JRC - Bioeconomics
2015,Hungary,Number of persons employed,Forestry,Number of people employed,25300,PERSONS,JRC - Bioeconomics
2015,Hungary,Number of persons employed,Leather,Number of people employed,12179,PERSONS,JRC - Bioeconomics
2015,Hungary,Number of persons employed,Liquid biofuels,Number of people employed,287.301074738235,PERSONS,JRC - Bioeconomics
2015,Hungary,Number of persons employed,Paper,Number of people employed,14181,PERSONS,JRC - Bioeconomics
2015,Hungary,Number of persons employed,Rubber and bio-based plastics,Number of people employed,5337.95185398127,PERSONS,JRC - Bioeconomics
2015,Hungary,Number of persons employed,Tobacco,Number of people employed,1353,PERSONS,JRC - Bioeconomics
2015,Hungary,Number of persons employed,Total sectors,Number of people employed,4210500,PERSONS,JRC - Bioeconomics
2015,Hungary,Number of persons employed,Wood products,Number of people employed,18035,PERSONS,JRC - Bioeconomics
2015,Hungary,Number of persons employed,Wood products and furniture,Number of people employed,25842.5193238893,PERSONS,JRC - Bioeconomics
2015,Hungary,Number of persons employed,Wooden furniture,Number of people employed,7807.51932388931,PERSONS,JRC - Bioeconomics
2015,Ireland,Number of persons employed,Agriculture,Number of people employed,104000,PERSONS,JRC - Bioeconomics
2015,Ireland,Number of persons employed,Beverage,Number of people employed,3965,PERSONS,JRC - Bioeconomics
2015,Ireland,Number of persons employed,Bio-based chemicals (excluding biofuels),Number of people employed,1109.90758980884,PERSONS,JRC - Bioeconomics
2015,Ireland,Number of persons employed,"Bio-based chemicals, pharmaceuticals, plastics and rubber (excl. biofuels)",Number of people employed,9295.0648662761,PERSONS,JRC - Bioeconomics
2015,Ireland,Number of persons employed,Bio-based pharmaceuticals,Number of people employed,8159.31171222044,PERSONS,JRC - Bioeconomics
2015,Ireland,Number of persons employed,Bio-based textile,Number of people employed,350.152891396333,PERSONS,JRC - Bioeconomics
2015,Ireland,Number of persons employed,Bio-based textiles,Number of people employed,969.817434799458,PERSONS,JRC - Bioeconomics
2015,Ireland,Number of persons employed,Bio-based wearing apparel,Number of people employed,423.664543403125,PERSONS,JRC - Bioeconomics
2015,Ireland,Number of persons employed,Biodiesel,Number of people employed,0,PERSONS,JRC - Bioeconomics
2015,Ireland,Number of persons employed,Bioeconomy,Number of people employed,181972.148049236,PERSONS,JRC - Bioeconomics
2015,Ireland,Number of persons employed,Bioethanol,Number of people employed,0,PERSONS,JRC - Bioeconomics
2015,Ireland,Number of persons employed,"Fisheries, Aquaculture",Number of people employed,1821,PERSONS,JRC - Bioeconomics
2015,Ireland,Number of persons employed,"Fisheries, Landings",Number of people employed,3451,PERSONS,JRC - Bioeconomics
2015,Ireland,Number of persons employed,Fishing and Aquaculture,Number of people employed,5272,PERSONS,JRC - Bioeconomics
2015,Ireland,Number of persons employed,Food,Number of people employed,45249,PERSONS,JRC - Bioeconomics
2015,Ireland,Number of persons employed,"Food, beverage and tobacco",Number of people employed,49214,PERSONS,JRC - Bioeconomics
2015,Ireland,Number of persons employed,Forestry,Number of people employed,2800,PERSONS,JRC - Bioeconomics
2015,Ireland,Number of persons employed,Leather,Number of people employed,196,PERSONS,JRC - Bioeconomics
2015,Ireland,Number of persons employed,Liquid biofuels,Number of people employed,0,PERSONS,JRC - Bioeconomics
2015,Ireland,Number of persons employed,Paper,Number of people employed,3147,PERSONS,JRC - Bioeconomics
2015,Ireland,Number of persons employed,Rubber and bio-based plastics,Number of people employed,25.8455642468146,PERSONS,JRC - Bioeconomics
2015,Ireland,Number of persons employed,Total sectors,Number of people employed,2057500,PERSONS,JRC - Bioeconomics
2015,Ireland,Number of persons employed,Wood products,Number of people employed,4636,PERSONS,JRC - Bioeconomics
2015,Ireland,Number of persons employed,Wood products and furniture,Number of people employed,7274.26574815999,PERSONS,JRC - Bioeconomics
2015,Ireland,Number of persons employed,Wooden furniture,Number of people employed,2638.26574815999,PERSONS,JRC - Bioeconomics
2015,Italy,Number of persons employed,Agriculture,Number of people employed,772000,PERSONS,JRC - Bioeconomics
2015,Italy,Number of persons employed,Beverage,Number of people employed,37345,PERSONS,JRC - Bioeconomics
2015,Italy,Number of persons employed,Bio-based chemicals (excluding biofuels),Number of people employed,6674.94747416672,PERSONS,JRC - Bioeconomics
2015,Italy,Number of persons employed,"Bio-based chemicals, pharmaceuticals, plastics and rubber (excl. biofuels)",Number of people employed,46276.5372866976,PERSONS,JRC - Bioeconomics
2015,Italy,Number of persons employed,Bio-based electricity,Number of people employed,1872.67157628261,PERSONS,JRC - Bioeconomics
2015,Italy,Number of persons employed,Bio-based pharmaceuticals,Number of people employed,32825.1313874405,PERSONS,JRC - Bioeconomics
2015,Italy,Number of persons employed,Bio-based textile,Number of people employed,54495.3792066712,PERSONS,JRC - Bioeconomics
2015,Italy,Number of persons employed,Bio-based textiles,Number of people employed,273989.026654907,PERSONS,JRC - Bioeconomics
2015,Italy,Number of persons employed,Bio-based wearing apparel,Number of people employed,78465.6474482354,PERSONS,JRC - Bioeconomics
2015,Italy,Number of persons employed,Biodiesel,Number of people employed,1212.67303635582,PERSONS,JRC - Bioeconomics
2015,Italy,Number of persons employed,Bioeconomy,Number of people employed,1840034.01808102,PERSONS,JRC - Bioeconomics
2015,Italy,Number of persons employed,Bioethanol,Number of people employed,286.356338968933,PERSONS,JRC - Bioeconomics
2015,Italy,Number of persons employed,"Fisheries, Aquaculture",Number of people employed,5112,PERSONS,JRC - Bioeconomics
2015,Italy,Number of persons employed,"Fisheries, Landings",Number of people employed,25786.7,PERSONS,JRC - Bioeconomics
2015,Italy,Number of persons employed,Fishing and Aquaculture,Number of people employed,30898.7,PERSONS,JRC - Bioeconomics
2015,Italy,Number of persons employed,Food,Number of people employed,391423,PERSONS,JRC - Bioeconomics
2015,Italy,Number of persons employed,"Food, beverage and tobacco",Number of people employed,429274,PERSONS,JRC - Bioeconomics
2015,Italy,Number of persons employed,Forestry,Number of people employed,50500,PERSONS,JRC - Bioeconomics
2015,Italy,Number of persons employed,Leather,Number of people employed,141028,PERSONS,JRC - Bioeconomics
2015,Italy,Number of persons employed,Liquid biofuels,Number of people employed,1499.02937532475,PERSONS,JRC - Bioeconomics
2015,Italy,Number of persons employed,Paper,Number of people employed,70337,PERSONS,JRC - Bioeconomics
2015,Italy,Number of persons employed,Rubber and bio-based plastics,Number of people employed,6776.45842509041,PERSONS,JRC - Bioeconomics
2015,Italy,Number of persons employed,Tobacco,Number of people employed,506,PERSONS,JRC - Bioeconomics
2015,Italy,Number of persons employed,Total sectors,Number of people employed,22464800,PERSONS,JRC - Bioeconomics
2015,Italy,Number of persons employed,Wood products,Number of people employed,107123,PERSONS,JRC - Bioeconomics
2015,Italy,Number of persons employed,Wood products and furniture,Number of people employed,163387.053187808,PERSONS,JRC - Bioeconomics
2015,Italy,Number of persons employed,Wooden furniture,Number of people employed,56264.0531878078,PERSONS,JRC - Bioeconomics
2015,Latvia,Number of persons employed,Agriculture,Number of people employed,49800,PERSONS,JRC - Bioeconomics
2015,Latvia,Number of persons employed,Beverage,Number of people employed,2421,PERSONS,JRC - Bioeconomics
2015,Latvia,Number of persons employed,Bio-based chemicals (excluding biofuels),Number of people employed,926.062364968264,PERSONS,JRC - Bioeconomics
2015,Latvia,Number of persons employed,"Bio-based chemicals, pharmaceuticals, plastics and rubber (excl. biofuels)",Number of people employed,926.062364968264,PERSONS,JRC - Bioeconomics
2015,Latvia,Number of persons employed,Bio-based electricity,Number of people employed,354.255989911728,PERSONS,JRC - Bioeconomics
2015,Latvia,Number of persons employed,Bio-based textile,Number of people employed,1579.90721603414,PERSONS,JRC - Bioeconomics
2015,Latvia,Number of persons employed,Bio-based textiles,Number of people employed,5815.71582947722,PERSONS,JRC - Bioeconomics
2015,Latvia,Number of persons employed,Bio-based wearing apparel,Number of people employed,3875.80861344308,PERSONS,JRC - Bioeconomics
2015,Latvia,Number of persons employed,Bioeconomy,Number of people employed,130600.343989942,PERSONS,JRC - Bioeconomics
2015,Latvia,Number of persons employed,"Fisheries, Landings",Number of people employed,620,PERSONS,JRC - Bioeconomics
2015,Latvia,Number of persons employed,Fishing and Aquaculture,Number of people employed,620,PERSONS,JRC - Bioeconomics
2015,Latvia,Number of persons employed,Food,Number of people employed,21647,PERSONS,JRC - Bioeconomics
2015,Latvia,Number of persons employed,"Food, beverage and tobacco",Number of people employed,24090,PERSONS,JRC - Bioeconomics
2015,Latvia,Number of persons employed,Forestry,Number of people employed,18600,PERSONS,JRC - Bioeconomics
2015,Latvia,Number of persons employed,Leather,Number of people employed,360,PERSONS,JRC - Bioeconomics
2015,Latvia,Number of persons employed,Paper,Number of people employed,1376,PERSONS,JRC - Bioeconomics
2015,Latvia,Number of persons employed,Rubber and bio-based plastics,Number of people employed,0,PERSONS,JRC - Bioeconomics
2015,Latvia,Number of persons employed,Tobacco,Number of people employed,22,PERSONS,JRC - Bioeconomics
2015,Latvia,Number of persons employed,Total sectors,Number of people employed,896100,PERSONS,JRC - Bioeconomics
2015,Latvia,Number of persons employed,Wood products,Number of people employed,25302,PERSONS,JRC - Bioeconomics
2015,Latvia,Number of persons employed,Wood products and furniture,Number of people employed,29018.3098055843,PERSONS,JRC - Bioeconomics
2015,Latvia,Number of persons employed,Wooden furniture,Number of people employed,3716.30980558434,PERSONS,JRC - Bioeconomics
2015,Lithuania,Number of persons employed,Agriculture,Number of people employed,105300,PERSONS,JRC - Bioeconomics
2015,Lithuania,Number of persons employed,Beverage,Number of people employed,3528,PERSONS,JRC - Bioeconomics
2015,Lithuania,Number of persons employed,Bio-based chemicals (excluding biofuels),Number of people employed,339.632365288223,PERSONS,JRC - Bioeconomics
2015,Lithuania,Number of persons employed,"Bio-based chemicals, pharmaceuticals, plastics and rubber (excl. biofuels)",Number of people employed,707.906746714927,PERSONS,JRC - Bioeconomics
2015,Lithuania,Number of persons employed,Bio-based electricity,Number of people employed,273.635934921009,PERSONS,JRC - Bioeconomics
2015,Lithuania,Number of persons employed,Bio-based pharmaceuticals,Number of people employed,330.91841570441,PERSONS,JRC - Bioeconomics
2015,Lithuania,Number of persons employed,Bio-based textile,Number of people employed,3369.97241297444,PERSONS,JRC - Bioeconomics
2015,Lithuania,Number of persons employed,Bio-based textiles,Number of people employed,13202.1895505983,PERSONS,JRC - Bioeconomics
2015,Lithuania,Number of persons employed,Bio-based wearing apparel,Number of people employed,8812.21713762385,PERSONS,JRC - Bioeconomics
2015,Lithuania,Number of persons employed,Biodiesel,Number of people employed,105.375580008118,PERSONS,JRC - Bioeconomics
2015,Lithuania,Number of persons employed,Bioeconomy,Number of people employed,217997.038221117,PERSONS,JRC - Bioeconomics
2015,Lithuania,Number of persons employed,Bioethanol,Number of people employed,181.834882379371,PERSONS,JRC - Bioeconomics
2015,Lithuania,Number of persons employed,"Fisheries, Landings",Number of people employed,691,PERSONS,JRC - Bioeconomics
2015,Lithuania,Number of persons employed,Fishing and Aquaculture,Number of people employed,691,PERSONS,JRC - Bioeconomics
2015,Lithuania,Number of persons employed,Food,Number of people employed,39984,PERSONS,JRC - Bioeconomics
2015,Lithuania,Number of persons employed,"Food, beverage and tobacco",Number of people employed,43512,PERSONS,JRC - Bioeconomics
2015,Lithuania,Number of persons employed,Forestry,Number of people employed,13800,PERSONS,JRC - Bioeconomics
2015,Lithuania,Number of persons employed,Leather,Number of people employed,1020,PERSONS,JRC - Bioeconomics
2015,Lithuania,Number of persons employed,Liquid biofuels,Number of people employed,287.210462387489,PERSONS,JRC - Bioeconomics
2015,Lithuania,Number of persons employed,Paper,Number of people employed,4255,PERSONS,JRC - Bioeconomics
2015,Lithuania,Number of persons employed,Rubber and bio-based plastics,Number of people employed,37.3559657222944,PERSONS,JRC - Bioeconomics
2015,Lithuania,Number of persons employed,Total sectors,Number of people employed,1334900,PERSONS,JRC - Bioeconomics
2015,Lithuania,Number of persons employed,Wood products,Number of people employed,22886,PERSONS,JRC - Bioeconomics
2015,Lithuania,Number of persons employed,Wood products and furniture,Number of people employed,35968.0955264957,PERSONS,JRC - Bioeconomics
2015,Lithuania,Number of persons employed,Wooden furniture,Number of people employed,13082.0955264957,PERSONS,JRC - Bioeconomics
2015,Luxembourg,Number of persons employed,Agriculture,Number of people employed,2400,PERSONS,JRC - Bioeconomics
2015,Luxembourg,Number of persons employed,Beverage,Number of people employed,491,PERSONS,JRC - Bioeconomics
2015,Luxembourg,Number of persons employed,Bioeconomy,Number of people employed,8654,PERSONS,JRC - Bioeconomics
2015,Luxembourg,Number of persons employed,Food,Number of people employed,5140,PERSONS,JRC - Bioeconomics
2015,Luxembourg,Number of persons employed,"Food, beverage and tobacco",Number of people employed,5631,PERSONS,JRC - Bioeconomics
2015,Luxembourg,Number of persons employed,Total sectors,Number of people employed,257500,PERSONS,JRC - Bioeconomics
2015,Luxembourg,Number of persons employed,Wood products,Number of people employed,623,PERSONS,JRC - Bioeconomics
2015,Luxembourg,Number of persons employed,Wood products and furniture,Number of people employed,623,PERSONS,JRC - Bioeconomics
2015,Malta,Number of persons employed,Agriculture,Number of people employed,2400,PERSONS,JRC - Bioeconomics
2015,Malta,Number of persons employed,Beverage,Number of people employed,934,PERSONS,JRC - Bioeconomics
2015,Malta,Number of persons employed,Bioeconomy,Number of people employed,8434,PERSONS,JRC - Bioeconomics
2015,Malta,Number of persons employed,"Fisheries, Aquaculture",Number of people employed,179,PERSONS,JRC - Bioeconomics
2015,Malta,Number of persons employed,"Fisheries, Landings",Number of people employed,1463,PERSONS,JRC - Bioeconomics
2015,Malta,Number of persons employed,Fishing and Aquaculture,Number of people employed,1642,PERSONS,JRC - Bioeconomics
2015,Malta,Number of persons employed,Food,Number of people employed,2932,PERSONS,JRC - Bioeconomics
2015,Malta,Number of persons employed,"Food, beverage and tobacco",Number of people employed,3866,PERSONS,JRC - Bioeconomics
2015,Malta,Number of persons employed,Paper,Number of people employed,239,PERSONS,JRC - Bioeconomics
2015,Malta,Number of persons employed,Total sectors,Number of people employed,185900,PERSONS,JRC - Bioeconomics
2015,Malta,Number of persons employed,Wood products,Number of people employed,287,PERSONS,JRC - Bioeconomics
2015,Malta,Number of persons employed,Wood products and furniture,Number of people employed,287,PERSONS,JRC - Bioeconomics
2015,Netherlands,Number of persons employed,Agriculture,Number of people employed,173700,PERSONS,JRC - Bioeconomics
2015,Netherlands,Number of persons employed,Beverage,Number of people employed,6727,PERSONS,JRC - Bioeconomics
2015,Netherlands,Number of persons employed,Bio-based chemicals (excluding biofuels),Number of people employed,2501.11279505998,PERSONS,JRC - Bioeconomics
2015,Netherlands,Number of persons employed,"Bio-based chemicals, pharmaceuticals, plastics and rubber (excl. biofuels)",Number of people employed,9468.66430045208,PERSONS,JRC - Bioeconomics
2015,Netherlands,Number of persons employed,Bio-based electricity,Number of people employed,180.953044103041,PERSONS,JRC - Bioeconomics
2015,Netherlands,Number of persons employed,Bio-based pharmaceuticals,Number of people employed,6429.65217627572,PERSONS,JRC - Bioeconomics
2015,Netherlands,Number of persons employed,Bio-based textile,Number of people employed,570.677371041366,PERSONS,JRC - Bioeconomics
2015,Netherlands,Number of persons employed,Bio-based textiles,Number of people employed,2446.67737104137,PERSONS,JRC - Bioeconomics
2015,Netherlands,Number of persons employed,Biodiesel,Number of people employed,0,PERSONS,JRC - Bioeconomics
2015,Netherlands,Number of persons employed,Bioeconomy,Number of people employed,359158.631512512,PERSONS,JRC - Bioeconomics
2015,Netherlands,Number of persons employed,Bioethanol,Number of people employed,0,PERSONS,JRC - Bioeconomics
2015,Netherlands,Number of persons employed,"Fisheries, Landings",Number of people employed,1966.09,PERSONS,JRC - Bioeconomics
2015,Netherlands,Number of persons employed,Fishing and Aquaculture,Number of people employed,1966.09,PERSONS,JRC - Bioeconomics
2015,Netherlands,Number of persons employed,Food,Number of people employed,121943,PERSONS,JRC - Bioeconomics
2015,Netherlands,Number of persons employed,"Food, beverage and tobacco",Number of people employed,130003,PERSONS,JRC - Bioeconomics
2015,Netherlands,Number of persons employed,Forestry,Number of people employed,2200,PERSONS,JRC - Bioeconomics
2015,Netherlands,Number of persons employed,Leather,Number of people employed,1876,PERSONS,JRC - Bioeconomics
2015,Netherlands,Number of persons employed,Liquid biofuels,Number of people employed,0,PERSONS,JRC - Bioeconomics
2015,Netherlands,Number of persons employed,Paper,Number of people employed,17242,PERSONS,JRC - Bioeconomics
2015,Netherlands,Number of persons employed,Rubber and bio-based plastics,Number of people employed,537.899329116379,PERSONS,JRC - Bioeconomics
2015,Netherlands,Number of persons employed,Tobacco,Number of people employed,1333,PERSONS,JRC - Bioeconomics
2015,Netherlands,Number of persons employed,Total sectors,Number of people employed,8318700,PERSONS,JRC - Bioeconomics
2015,Netherlands,Number of persons employed,Wood products,Number of people employed,13351,PERSONS,JRC - Bioeconomics
2015,Netherlands,Number of persons employed,Wood products and furniture,Number of people employed,21951.2467969151,PERSONS,JRC - Bioeconomics
2015,Netherlands,Number of persons employed,Wooden furniture,Number of people employed,8600.24679691513,PERSONS,JRC - Bioeconomics
2015,Poland,Number of persons employed,Agriculture,Number of people employed,1768600,PERSONS,JRC - Bioeconomics
2015,Poland,Number of persons employed,Beverage,Number of people employed,24867,PERSONS,JRC - Bioeconomics
2015,Poland,Number of persons employed,Bio-based chemicals (excluding biofuels),Number of people employed,2131.14041499661,PERSONS,JRC - Bioeconomics
2015,Poland,Number of persons employed,"Bio-based chemicals, pharmaceuticals, plastics and rubber (excl. biofuels)",Number of people employed,25147.1592130122,PERSONS,JRC - Bioeconomics
2015,Poland,Number of persons employed,Bio-based electricity,Number of people employed,2019.34435152934,PERSONS,JRC - Bioeconomics
2015,Poland,Number of persons employed,Bio-based pharmaceuticals,Number of people employed,11361.6952277393,PERSONS,JRC - Bioeconomics
2015,Poland,Number of persons employed,Bio-based textile,Number of people employed,7077.68416513562,PERSONS,JRC - Bioeconomics
2015,Poland,Number of persons employed,Bio-based textiles,Number of people employed,68395.2544310882,PERSONS,JRC - Bioeconomics
2015,Poland,Number of persons employed,Bio-based wearing apparel,Number of people employed,37068.5702659526,PERSONS,JRC - Bioeconomics
2015,Poland,Number of persons employed,Biodiesel,Number of people employed,4580.36602727833,PERSONS,JRC - Bioeconomics
2015,Poland,Number of persons employed,Bioeconomy,Number of people employed,2636106.1012354,PERSONS,JRC - Bioeconomics
2015,Poland,Number of persons employed,Bioethanol,Number of people employed,1805.36314862195,PERSONS,JRC - Bioeconomics
2015,Poland,Number of persons employed,"Fisheries, Aquaculture",Number of people employed,7764,PERSONS,JRC - Bioeconomics
2015,Poland,Number of persons employed,"Fisheries, Landings",Number of people employed,2491,PERSONS,JRC - Bioeconomics
2015,Poland,Number of persons employed,Fishing and Aquaculture,Number of people employed,10255,PERSONS,JRC - Bioeconomics
2015,Poland,Number of persons employed,Food,Number of people employed,392721,PERSONS,JRC - Bioeconomics
2015,Poland,Number of persons employed,"Food, beverage and tobacco",Number of people employed,423197,PERSONS,JRC - Bioeconomics
2015,Poland,Number of persons employed,Forestry,Number of people employed,72700,PERSONS,JRC - Bioeconomics
2015,Poland,Number of persons employed,Leather,Number of people employed,24249,PERSONS,JRC - Bioeconomics
2015,Poland,Number of persons employed,Liquid biofuels,Number of people employed,6385.72917590028,PERSONS,JRC - Bioeconomics
2015,Poland,Number of persons employed,Paper,Number of people employed,57824,PERSONS,JRC - Bioeconomics
2015,Poland,Number of persons employed,Rubber and bio-based plastics,Number of people employed,11654.3235702763,PERSONS,JRC - Bioeconomics
2015,Poland,Number of persons employed,Tobacco,Number of people employed,5609,PERSONS,JRC - Bioeconomics
2015,Poland,Number of persons employed,Total sectors,Number of people employed,16083900,PERSONS,JRC - Bioeconomics
2015,Poland,Number of persons employed,Wood products,Number of people employed,123821,PERSONS,JRC - Bioeconomics
2015,Poland,Number of persons employed,Wood products and furniture,Number of people employed,201582.614063867,PERSONS,JRC - Bioeconomics
2015,Poland,Number of persons employed,Wooden furniture,Number of people employed,77761.6140638675,PERSONS,JRC - Bioeconomics
2015,Portugal,Number of persons employed,Agriculture,Number of people employed,317400,PERSONS,JRC - Bioeconomics
2015,Portugal,Number of persons employed,Beverage,Number of people employed,15197,PERSONS,JRC - Bioeconomics
2015,Portugal,Number of persons employed,Bio-based chemicals (excluding biofuels),Number of people employed,830.400565013657,PERSONS,JRC - Bioeconomics
2015,Portugal,Number of persons employed,"Bio-based chemicals, pharmaceuticals, plastics and rubber (excl. biofuels)",Number of people employed,6939.40399345531,PERSONS,JRC - Bioeconomics
2015,Portugal,Number of persons employed,Bio-based electricity,Number of people employed,269.185951055002,PERSONS,JRC - Bioeconomics
2015,Portugal,Number of persons employed,Bio-based pharmaceuticals,Number of people employed,2911.88469204114,PERSONS,JRC - Bioeconomics
2015,Portugal,Number of persons employed,Bio-based textile,Number of people employed,17951.9468621132,PERSONS,JRC - Bioeconomics
2015,Portugal,Number of persons employed,Bio-based textiles,Number of people employed,108529.774939936,PERSONS,JRC - Bioeconomics
2015,Portugal,Number of persons employed,Bio-based wearing apparel,Number of people employed,39120.8280778227,PERSONS,JRC - Bioeconomics
2015,Portugal,Number of persons employed,Biodiesel,Number of people employed,814.20838360177,PERSONS,JRC - Bioeconomics
2015,Portugal,Number of persons employed,Bioeconomy,Number of people employed,627361.620031976,PERSONS,JRC - Bioeconomics
2015,Portugal,Number of persons employed,Bioethanol,Number of people employed,1.69373017986234,PERSONS,JRC - Bioeconomics
2015,Portugal,Number of persons employed,"Fisheries, Aquaculture",Number of people employed,2357,PERSONS,JRC - Bioeconomics
2015,Portugal,Number of persons employed,"Fisheries, Landings",Number of people employed,16086,PERSONS,JRC - Bioeconomics
2015,Portugal,Number of persons employed,Fishing and Aquaculture,Number of people employed,18443,PERSONS,JRC - Bioeconomics
2015,Portugal,Number of persons employed,Food,Number of people employed,92336,PERSONS,JRC - Bioeconomics
2015,Portugal,Number of persons employed,"Food, beverage and tobacco",Number of people employed,108163,PERSONS,JRC - Bioeconomics
2015,Portugal,Number of persons employed,Forestry,Number of people employed,12900,PERSONS,JRC - Bioeconomics
2015,Portugal,Number of persons employed,Leather,Number of people employed,51457,PERSONS,JRC - Bioeconomics
2015,Portugal,Number of persons employed,Liquid biofuels,Number of people employed,815.902113781632,PERSONS,JRC - Bioeconomics
2015,Portugal,Number of persons employed,Paper,Number of people employed,10153,PERSONS,JRC - Bioeconomics
2015,Portugal,Number of persons employed,Rubber and bio-based plastics,Number of people employed,3197.11873640051,PERSONS,JRC - Bioeconomics
2015,Portugal,Number of persons employed,Tobacco,Number of people employed,630,PERSONS,JRC - Bioeconomics
2015,Portugal,Number of persons employed,Total sectors,Number of people employed,4548700,PERSONS,JRC - Bioeconomics
2015,Portugal,Number of persons employed,Wood products,Number of people employed,28609,PERSONS,JRC - Bioeconomics
2015,Portugal,Number of persons employed,Wood products and furniture,Number of people employed,43748.3530337485,PERSONS,JRC - Bioeconomics
2015,Portugal,Number of persons employed,Wooden furniture,Number of people employed,15139.3530337485,PERSONS,JRC - Bioeconomics
2015,Romania,Number of persons employed,Agriculture,Number of people employed,2129600,PERSONS,JRC - Bioeconomics
2015,Romania,Number of persons employed,Beverage,Number of people employed,18848,PERSONS,JRC - Bioeconomics
2015,Romania,Number of persons employed,Bio-based chemicals (excluding biofuels),Number of people employed,298.378127089779,PERSONS,JRC - Bioeconomics
2015,Romania,Number of persons employed,"Bio-based chemicals, pharmaceuticals, plastics and rubber (excl. biofuels)",Number of people employed,13255.1533122591,PERSONS,JRC - Bioeconomics
2015,Romania,Number of persons employed,Bio-based electricity,Number of people employed,280.067170724861,PERSONS,JRC - Bioeconomics
2015,Romania,Number of persons employed,Bio-based pharmaceuticals,Number of people employed,5059.71482025432,PERSONS,JRC - Bioeconomics
2015,Romania,Number of persons employed,Bio-based textile,Number of people employed,7037.7171860787,PERSONS,JRC - Bioeconomics
2015,Romania,Number of persons employed,Bio-based textiles,Number of people employed,136887.9208978,PERSONS,JRC - Bioeconomics
2015,Romania,Number of persons employed,Bio-based wearing apparel,Number of people employed,71402.2037117209,PERSONS,JRC - Bioeconomics
2015,Romania,Number of persons employed,Biodiesel,Number of people employed,919.536445023304,PERSONS,JRC - Bioeconomics
2015,Romania,Number of persons employed,Bioeconomy,Number of people employed,2625537.81530916,PERSONS,JRC - Bioeconomics
2015,Romania,Number of persons employed,Bioethanol,Number of people employed,389.821039661626,PERSONS,JRC - Bioeconomics
2015,Romania,Number of persons employed,"Fisheries, Aquaculture",Number of people employed,2542,PERSONS,JRC - Bioeconomics
2015,Romania,Number of persons employed,"Fisheries, Landings",Number of people employed,352,PERSONS,JRC - Bioeconomics
2015,Romania,Number of persons employed,Fishing and Aquaculture,Number of people employed,2894,PERSONS,JRC - Bioeconomics
2015,Romania,Number of persons employed,Food,Number of people employed,161945,PERSONS,JRC - Bioeconomics
2015,Romania,Number of persons employed,"Food, beverage and tobacco",Number of people employed,182514,PERSONS,JRC - Bioeconomics
2015,Romania,Number of persons employed,Forestry,Number of people employed,51600,PERSONS,JRC - Bioeconomics
2015,Romania,Number of persons employed,Leather,Number of people employed,58448,PERSONS,JRC - Bioeconomics
2015,Romania,Number of persons employed,Liquid biofuels,Number of people employed,1309.35748468493,PERSONS,JRC - Bioeconomics
2015,Romania,Number of persons employed,Paper,Number of people employed,13126,PERSONS,JRC - Bioeconomics
2015,Romania,Number of persons employed,Rubber and bio-based plastics,Number of people employed,7897.06036491505,PERSONS,JRC - Bioeconomics
2015,Romania,Number of persons employed,Tobacco,Number of people employed,1721,PERSONS,JRC - Bioeconomics
2015,Romania,Number of persons employed,Total sectors,Number of people employed,8535400,PERSONS,JRC - Bioeconomics
2015,Romania,Number of persons employed,Wood products,Number of people employed,56920,PERSONS,JRC - Bioeconomics
2015,Romania,Number of persons employed,Wood products and furniture,Number of people employed,94071.3164436909,PERSONS,JRC - Bioeconomics
2015,Romania,Number of persons employed,Wooden furniture,Number of people employed,37151.3164436909,PERSONS,JRC - Bioeconomics
2015,Slovakia,Number of persons employed,Agriculture,Number of people employed,57900,PERSONS,JRC - Bioeconomics
2015,Slovakia,Number of persons employed,Beverage,Number of people employed,4984,PERSONS,JRC - Bioeconomics
2015,Slovakia,Number of persons employed,Bio-based chemicals (excluding biofuels),Number of people employed,270.247765334589,PERSONS,JRC - Bioeconomics
2015,Slovakia,Number of persons employed,"Bio-based chemicals, pharmaceuticals, plastics and rubber (excl. biofuels)",Number of people employed,2821.03459521752,PERSONS,JRC - Bioeconomics
2015,Slovakia,Number of persons employed,Bio-based electricity,Number of people employed,311.864003804089,PERSONS,JRC - Bioeconomics
2015,Slovakia,Number of persons employed,Bio-based pharmaceuticals,Number of people employed,1177.09074269731,PERSONS,JRC - Bioeconomics
2015,Slovakia,Number of persons employed,Bio-based textile,Number of people employed,348.154634966663,PERSONS,JRC - Bioeconomics
2015,Slovakia,Number of persons employed,Bio-based textiles,Number of people employed,17541.682969526,PERSONS,JRC - Bioeconomics
2015,Slovakia,Number of persons employed,Bio-based wearing apparel,Number of people employed,6791.52833455938,PERSONS,JRC - Bioeconomics
2015,Slovakia,Number of persons employed,Biodiesel,Number of people employed,0,PERSONS,JRC - Bioeconomics
2015,Slovakia,Number of persons employed,Bioeconomy,Number of people employed,174001.893244197,PERSONS,JRC - Bioeconomics
2015,Slovakia,Number of persons employed,Food,Number of people employed,34504,PERSONS,JRC - Bioeconomics
2015,Slovakia,Number of persons employed,"Food, beverage and tobacco",Number of people employed,39488,PERSONS,JRC - Bioeconomics
2015,Slovakia,Number of persons employed,Forestry,Number of people employed,18400,PERSONS,JRC - Bioeconomics
2015,Slovakia,Number of persons employed,Leather,Number of people employed,10402,PERSONS,JRC - Bioeconomics
2015,Slovakia,Number of persons employed,Liquid biofuels,Number of people employed,0,PERSONS,JRC - Bioeconomics
2015,Slovakia,Number of persons employed,Paper,Number of people employed,6910,PERSONS,JRC - Bioeconomics
2015,Slovakia,Number of persons employed,Rubber and bio-based plastics,Number of people employed,1373.69608718563,PERSONS,JRC - Bioeconomics
2015,Slovakia,Number of persons employed,Total sectors,Number of people employed,2424000,PERSONS,JRC - Bioeconomics
2015,Slovakia,Number of persons employed,Wood products,Number of people employed,24706,PERSONS,JRC - Bioeconomics
2015,Slovakia,Number of persons employed,Wood products and furniture,Number of people employed,30629.311675649,PERSONS,JRC - Bioeconomics
2015,Slovakia,Number of persons employed,Wooden furniture,Number of people employed,5923.31167564902,PERSONS,JRC - Bioeconomics
2015,Slovenia,Number of persons employed,Agriculture,Number of people employed,60100,PERSONS,JRC - Bioeconomics
2015,Slovenia,Number of persons employed,Beverage,Number of people employed,1597,PERSONS,JRC - Bioeconomics
2015,Slovenia,Number of persons employed,Bio-based chemicals (excluding biofuels),Number of people employed,29.7016915046431,PERSONS,JRC - Bioeconomics
2015,Slovenia,Number of persons employed,"Bio-based chemicals, pharmaceuticals, plastics and rubber (excl. biofuels)",Number of people employed,293.161006166868,PERSONS,JRC - Bioeconomics
2015,Slovenia,Number of persons employed,Bio-based electricity,Number of people employed,58.9124239389972,PERSONS,JRC - Bioeconomics
2015,Slovenia,Number of persons employed,Bio-based textile,Number of people employed,0,PERSONS,JRC - Bioeconomics
2015,Slovenia,Number of persons employed,Bio-based textiles,Number of people employed,5192.06364549914,PERSONS,JRC - Bioeconomics
2015,Slovenia,Number of persons employed,Bio-based wearing apparel,Number of people employed,1479.06364549914,PERSONS,JRC - Bioeconomics
2015,Slovenia,Number of persons employed,Bioeconomy,Number of people employed,101321.459191406,PERSONS,JRC - Bioeconomics
2015,Slovenia,Number of persons employed,Bioethanol,Number of people employed,0,PERSONS,JRC - Bioeconomics
2015,Slovenia,Number of persons employed,"Fisheries, Aquaculture",Number of people employed,20,PERSONS,JRC - Bioeconomics
2015,Slovenia,Number of persons employed,"Fisheries, Landings",Number of people employed,119,PERSONS,JRC - Bioeconomics
2015,Slovenia,Number of persons employed,Fishing and Aquaculture,Number of people employed,139,PERSONS,JRC - Bioeconomics
2015,Slovenia,Number of persons employed,Food,Number of people employed,14871,PERSONS,JRC - Bioeconomics
2015,Slovenia,Number of persons employed,"Food, beverage and tobacco",Number of people employed,16468,PERSONS,JRC - Bioeconomics
2015,Slovenia,Number of persons employed,Forestry,Number of people employed,4000,PERSONS,JRC - Bioeconomics
2015,Slovenia,Number of persons employed,Leather,Number of people employed,3713,PERSONS,JRC - Bioeconomics
2015,Slovenia,Number of persons employed,Liquid biofuels,Number of people employed,0,PERSONS,JRC - Bioeconomics
2015,Slovenia,Number of persons employed,Paper,Number of people employed,4294,PERSONS,JRC - Bioeconomics
2015,Slovenia,Number of persons employed,Rubber and bio-based plastics,Number of people employed,263.459314662224,PERSONS,JRC - Bioeconomics
2015,Slovenia,Number of persons employed,Total sectors,Number of people employed,917400,PERSONS,JRC - Bioeconomics
2015,Slovenia,Number of persons employed,Wood products,Number of people employed,8443,PERSONS,JRC - Bioeconomics
2015,Slovenia,Number of persons employed,Wood products and furniture,Number of people employed,10776.322115801,PERSONS,JRC - Bioeconomics
2015,Slovenia,Number of persons employed,Wooden furniture,Number of people employed,2333.32211580097,PERSONS,JRC - Bioeconomics
2015,Spain,Number of persons employed,Agriculture,Number of people employed,678700,PERSONS,JRC - Bioeconomics
2015,Spain,Number of persons employed,Beverage,Number of people employed,46697,PERSONS,JRC - Bioeconomics
2015,Spain,Number of persons employed,Bio-based chemicals (excluding biofuels),Number of people employed,5080.63774159561,PERSONS,JRC - Bioeconomics
2015,Spain,Number of persons employed,"Bio-based chemicals, pharmaceuticals, plastics and rubber (excl. biofuels)",Number of people employed,29089.7080309637,PERSONS,JRC - Bioeconomics
2015,Spain,Number of persons employed,Bio-based electricity,Number of people employed,377.729126402437,PERSONS,JRC - Bioeconomics
2015,Spain,Number of persons employed,Bio-based pharmaceuticals,Number of people employed,20315.7118698845,PERSONS,JRC - Bioeconomics
2015,Spain,Number of persons employed,Bio-based textile,Number of people employed,12580.5763625566,PERSONS,JRC - Bioeconomics
2015,Spain,Number of persons employed,Bio-based textiles,Number of people employed,72012.7716669765,PERSONS,JRC - Bioeconomics
2015,Spain,Number of persons employed,Bio-based wearing apparel,Number of people employed,18423.1953044199,PERSONS,JRC - Bioeconomics
2015,Spain,Number of persons employed,Biodiesel,Number of people employed,1892.45283079089,PERSONS,JRC - Bioeconomics
2015,Spain,Number of persons employed,Bioeconomy,Number of people employed,1338840.10159954,PERSONS,JRC - Bioeconomics
2015,Spain,Number of persons employed,Bioethanol,Number of people employed,414.269836361691,PERSONS,JRC - Bioeconomics
2015,Spain,Number of persons employed,"Fisheries, Aquaculture",Number of people employed,19914,PERSONS,JRC - Bioeconomics
2015,Spain,Number of persons employed,"Fisheries, Landings",Number of people employed,32059.37,PERSONS,JRC - Bioeconomics
2015,Spain,Number of persons employed,Fishing and Aquaculture,Number of people employed,51973.37,PERSONS,JRC - Bioeconomics
2015,Spain,Number of persons employed,Food,Number of people employed,316257,PERSONS,JRC - Bioeconomics
2015,Spain,Number of persons employed,"Food, beverage and tobacco",Number of people employed,365126,PERSONS,JRC - Bioeconomics
2015,Spain,Number of persons employed,Forestry,Number of people employed,26100,PERSONS,JRC - Bioeconomics
2015,Spain,Number of persons employed,Leather,Number of people employed,41009,PERSONS,JRC - Bioeconomics
2015,Spain,Number of persons employed,Liquid biofuels,Number of people employed,2306.72266715258,PERSONS,JRC - Bioeconomics
2015,Spain,Number of persons employed,Paper,Number of people employed,42285,PERSONS,JRC - Bioeconomics
2015,Spain,Number of persons employed,Rubber and bio-based plastics,Number of people employed,3693.35841948355,PERSONS,JRC - Bioeconomics
2015,Spain,Number of persons employed,Tobacco,Number of people employed,2172,PERSONS,JRC - Bioeconomics
2015,Spain,Number of persons employed,Total sectors,Number of people employed,17866000,PERSONS,JRC - Bioeconomics
2015,Spain,Number of persons employed,Wood products,Number of people employed,47595,PERSONS,JRC - Bioeconomics
2015,Spain,Number of persons employed,Wood products and furniture,Number of people employed,70868.8001080448,PERSONS,JRC - Bioeconomics
2015,Spain,Number of persons employed,Wooden furniture,Number of people employed,23273.8001080448,PERSONS,JRC - Bioeconomics
2015,Sweden,Number of persons employed,Agriculture,Number of people employed,67400,PERSONS,JRC - Bioeconomics
2015,Sweden,Number of persons employed,Beverage,Number of people employed,5204,PERSONS,JRC - Bioeconomics
2015,Sweden,Number of persons employed,Bio-based chemicals (excluding biofuels),Number of people employed,5082.1180606644,PERSONS,JRC - Bioeconomics
2015,Sweden,Number of persons employed,"Bio-based chemicals, pharmaceuticals, plastics and rubber (excl. biofuels)",Number of people employed,12409.5733347764,PERSONS,JRC - Bioeconomics
2015,Sweden,Number of persons employed,Bio-based electricity,Number of people employed,862.269893213917,PERSONS,JRC - Bioeconomics
2015,Sweden,Number of persons employed,Bio-based pharmaceuticals,Number of people employed,6136.74427496025,PERSONS,JRC - Bioeconomics
2015,Sweden,Number of persons employed,Bio-based textile,Number of people employed,698.758322779163,PERSONS,JRC - Bioeconomics
2015,Sweden,Number of persons employed,Bio-based textiles,Number of people employed,1520.75832277916,PERSONS,JRC - Bioeconomics
2015,Sweden,Number of persons employed,Biodiesel,Number of people employed,1405.63424058039,PERSONS,JRC - Bioeconomics
2015,Sweden,Number of persons employed,Bioeconomy,Number of people employed,240452.025930099,PERSONS,JRC - Bioeconomics
2015,Sweden,Number of persons employed,Bioethanol,Number of people employed,370.637142694609,PERSONS,JRC - Bioeconomics
2015,Sweden,Number of persons employed,"Fisheries, Aquaculture",Number of people employed,411,PERSONS,JRC - Bioeconomics
2015,Sweden,Number of persons employed,"Fisheries, Landings",Number of people employed,1487.18,PERSONS,JRC - Bioeconomics
2015,Sweden,Number of persons employed,Fishing and Aquaculture,Number of people employed,1898.18,PERSONS,JRC - Bioeconomics
2015,Sweden,Number of persons employed,Food,Number of people employed,57061,PERSONS,JRC - Bioeconomics
2015,Sweden,Number of persons employed,"Food, beverage and tobacco",Number of people employed,62265,PERSONS,JRC - Bioeconomics
2015,Sweden,Number of persons employed,Forestry,Number of people employed,21900,PERSONS,JRC - Bioeconomics
2015,Sweden,Number of persons employed,Leather,Number of people employed,822,PERSONS,JRC - Bioeconomics
2015,Sweden,Number of persons employed,Liquid biofuels,Number of people employed,1776.271383275,PERSONS,JRC - Bioeconomics
2015,Sweden,Number of persons employed,Paper,Number of people employed,31471,PERSONS,JRC - Bioeconomics
2015,Sweden,Number of persons employed,Rubber and bio-based plastics,Number of people employed,1190.71099915174,PERSONS,JRC - Bioeconomics
2015,Sweden,Number of persons employed,Total sectors,Number of people employed,4836800,PERSONS,JRC - Bioeconomics
2015,Sweden,Number of persons employed,Wood products,Number of people employed,33936,PERSONS,JRC - Bioeconomics
2015,Sweden,Number of persons employed,Wood products and furniture,Number of people employed,38948.9729960542,PERSONS,JRC - Bioeconomics
2015,Sweden,Number of persons employed,Wooden furniture,Number of people employed,5012.97299605422,PERSONS,JRC - Bioeconomics
2015,United Kingdom,Number of persons employed,Agriculture,Number of people employed,314300,PERSONS,JRC - Bioeconomics
2015,United Kingdom,Number of persons employed,Beverage,Number of people employed,44195,PERSONS,JRC - Bioeconomics
2015,United Kingdom,Number of persons employed,Bio-based chemicals (excluding biofuels),Number of people employed,7878.59129047163,PERSONS,JRC - Bioeconomics
2015,United Kingdom,Number of persons employed,"Bio-based chemicals, pharmaceuticals, plastics and rubber (excl. biofuels)",Number of people employed,32775.6884536847,PERSONS,JRC - Bioeconomics
2015,United Kingdom,Number of persons employed,Bio-based electricity,Number of people employed,3092.12901565427,PERSONS,JRC - Bioeconomics
2015,United Kingdom,Number of persons employed,Bio-based pharmaceuticals,Number of people employed,19736.4349062404,PERSONS,JRC - Bioeconomics
2015,United Kingdom,Number of persons employed,Bio-based textile,Number of people employed,8449.89549847874,PERSONS,JRC - Bioeconomics
2015,United Kingdom,Number of persons employed,Bio-based textiles,Number of people employed,28479.3566896111,PERSONS,JRC - Bioeconomics
2015,United Kingdom,Number of persons employed,Bio-based wearing apparel,Number of people employed,11369.4611911324,PERSONS,JRC - Bioeconomics
2015,United Kingdom,Number of persons employed,Biodiesel,Number of people employed,156.101722906318,PERSONS,JRC - Bioeconomics
2015,United Kingdom,Number of persons employed,Bioeconomy,Number of people employed,1002534.14858913,PERSONS,JRC - Bioeconomics
2015,United Kingdom,Number of persons employed,"Fisheries, Aquaculture",Number of people employed,3310,PERSONS,JRC - Bioeconomics
2015,United Kingdom,Number of persons employed,"Fisheries, Landings",Number of people employed,12107,PERSONS,JRC - Bioeconomics
2015,United Kingdom,Number of persons employed,Fishing and Aquaculture,Number of people employed,15417,PERSONS,JRC - Bioeconomics
2015,United Kingdom,Number of persons employed,Food,Number of people employed,373983,PERSONS,JRC - Bioeconomics
2015,United Kingdom,Number of persons employed,"Food, beverage and tobacco",Number of people employed,418564,PERSONS,JRC - Bioeconomics
2015,United Kingdom,Number of persons employed,Forestry,Number of people employed,26500,PERSONS,JRC - Bioeconomics
2015,United Kingdom,Number of persons employed,Leather,Number of people employed,8660,PERSONS,JRC - Bioeconomics
2015,United Kingdom,Number of persons employed,Liquid biofuels,Number of people employed,156.101722906318,PERSONS,JRC - Bioeconomics
2015,United Kingdom,Number of persons employed,Paper,Number of people employed,56346,PERSONS,JRC - Bioeconomics
2015,United Kingdom,Number of persons employed,Rubber and bio-based plastics,Number of people employed,5160.66225697261,PERSONS,JRC - Bioeconomics
2015,United Kingdom,Number of persons employed,Tobacco,Number of people employed,386,PERSONS,JRC - Bioeconomics
2015,United Kingdom,Number of persons employed,Total sectors,Number of people employed,31193200,PERSONS,JRC - Bioeconomics
2015,United Kingdom,Number of persons employed,Wood products,Number of people employed,69346,PERSONS,JRC - Bioeconomics
2015,United Kingdom,Number of persons employed,Wood products and furniture,Number of people employed,106903.872707273,PERSONS,JRC - Bioeconomics
2015,United Kingdom,Number of persons employed,Wooden furniture,Number of people employed,37557.872707273,PERSONS,JRC - Bioeconomics
